id,first,last,email,country,address,ssn,gender,city,zip,state,bdate
5531,DEBORAH,FOX,DFOX49M@DELL.COM,United States,516 IOWA PLAZA,606-87-5349,F,LUBBOCK,79491,TEXAS,2011-12-14
5782,GEORGE,BRYANT,GBRYANT4GL@IHG.COM,United States,5 ESKER COURT,876-80-1973,M,TAMPA,33694,FLORIDA,1977-11-07
6000,HARRY,HOLMES,HHOLMES4MN@IMGUR.COM,United States,98 TOWNE ROAD,195-66-0223,M,GARLAND,75049,TEXAS,1941-09-15
10171,CHRMS,MAYNE,CPAYNE7UI@G.CO,United States,0416 WEST HILL,908-80-8013,M,MEMPHIS,38188,TENNESSEE,1970-11-11
10536,PAUL,OLSON,POLSON84N@CBC.CA,United States,8 EMMET TRAIL,758-28-6858,M,MARIETTA,30061,GEORGIA,1992-07-28
10933,SSARON,REED,SREED8FO@IHG.COM,United States,1 WARNER PARK,621-00-3396,F,ARLINGTON,22212,VIRGINIA,1948-10-20
11434,SUSAN,AUSTIN,SAUSTIN8TL@CA.GOV,United States,14 JENNA CIRCLE,412-11-3982,F,MIAMI,33134,FLORIDA,2009-06-23
12189,PHYLLIS,WILSON,PWILSON9EK@APACHE.ORG,United States,64 REDWING PLAZA,209-56-7475,F,OMAHA,68124,NEBRASKA,1963-05-28
12564,BONNIE,REID,BREID9OZ@CBC.CA,United States,1 HAUK DRIVE,950-42-0265,F,SALT LAKE CITY,84140,UTAH,1992-02-07
12951,MARK,ADAMS,MADAMS9ZQ@UNBLOG.FR,United States,4 SPAIGHT AVENUE,760-49-5035,M,CHEYENNE,82007,WYOMING,2013-02-26
13117,KELLY,CRAWFORD,KCRAWFORDA4C@AMEBLO.JP,United States,3 WESTPORT DRIVE,592-68-6582,F,TULSA,74156,OKLAHOMA,1999-12-28
13171,NANCY,VASQUEZ,NVASQUEZA5U@GOOGLE.ES,United States,342 HEATH WAY,154-28-0125,F,SAN JOSE,95160,CALIFORNIA,1960-01-27
1,YETER,HENDERSON,PHENDERSON0@SIMPLEMACHINES.ORG,United States,3448 FORSTER CENTER,203-10-3903,M,ATLANTA,30386,GEORGIA,2012-10-18
2,WALTER,YJACOBS,WJACOBS1@WORDPRESS.ORG,United States,5 DUKE TRAIL,143-16-5342,M,SILVER SPRING,20904,MARYLAND,1946-07-08
3,JOHN,FLORES,JFLORES2@FDA.GOV,United States,7874 STARLING TRAIL,958-98-6457,M,SPRING HILL,34611,FLORIDA,2007-04-13
4,MARY,LOPEZ,MLOPEZ3@GOOGLE.COM,United States,11 PRAIRIEVIEW COURT,332-05-7857,F,AURORA,60505,ILLINOIS,1954-06-05
5,JOSHUA,HAMITLON,JHAMILTON4@UOL.COM.BR,United States,9 MORNINGSTAR POINT,459-83-1737,M,KANSAS CITY,66160,KANSAS,2007-04-04
6,SUSAN,RPAMOS,SRAMOS5@REDIFF.COM,United States,74387 DWIGHT PASS,110-62-1328,F,EL PASO,88535,TEXAS,1945-02-12
7,JACQUELINE,CRUZ,JCRUZ6@CBSNEWS.COM,United States,3 GOLF COURSE STREET,405-59-9270,F,OMAHA,68134,NEBRASKA,1958-06-08
8,TAMMY,JACKSON,TJACKSON7@STATE.TX.US,United States,0 MUIR AVENUE,858-93-2933,F,BOULDER,80328,COLORADO,1962-03-19
9,MARGARET,BO9MAN,MBOWMN8@GMPG.ORG,United States,5 SCOVILLE PARKWAY,993-51-3993,F,GREEN BAY,54305,WISCONSIN,1974-08-17
10,JULIE,WALLACE,JWALLACE9@STATCOUNTER.COM,United States,34 TONY DRIVE,806-48-1929,F,VAN NUYS,91406,CALIFORNIA,2011-07-25
11,AKTHY,GRRIFFIN,KGRIFFINA@MICROSOFT.COM,United States,351 LINDEN TERRACE,588-22-5116,F,HARTFORD,06120,CONNECTICUT,2007-07-17
12,JUDY,LONG,JLONGB@DISQUS.COM,United States,6 WEST COURT,559-47-7763,F,NORWALK,06854,CONNECTICUT,1950-01-15
13,DEBORAH,FRANKLIN,DFRANKLINC@BIGLOBE.NE.JP,United States,0 MAGDELINE AVENUE,661-12-3069,F,NEW YORK CITY,10034,NEW YORK,1973-03-19
14,VIRGINIA,LANE,VLANED@WIRED.COM,United States,502 DEL SOL LANE,357-82-6987,F,PHOENIX,85045,ARIZONA,1950-06-28
15,RICHARD,MYERS,RMERSE@GOO.GL,United States,97 1ST ALLEY,873-98-2092,M,ALBANY,12222,NEW YORK,1963-08-21
16,GHAWN,MILLER,SMILLERF@ARMY.MIL,United States,2213 NEW CASTLE ALLEY,765-54-5392,M,OKLAHOMA CITY,73129,OKLAHOMA,2009-07-14
17,TAMMY,FISHER,TFISHERG@CSMONITOR.COM,United States,7 LIEN LANE,181-59-6505,F,SAINT LOUIS,63196,MISSOURI,1989-09-19
18,S3EAN,WILLIS,SWILLISH@TINYPIC.COM,United States,7 KIM WAY,634-36-0856,M,FALLS CHURCH,22047,VIRGINIA,2000-05-22
19,WILLIE,BURKE,WBURKEI@SMUGMUG.COM,United States,5363 CLOVE LANE,719-03-1467,M,LITTLE ROCK,72209,ARKANSAS,1994-01-01
20,JUDY,B8ELL,JBELLJ@GOOGLE.COM,United States,3 MELODY ALLEY,235-44-0249,F,HONOLULU,96845,HAWAII,1985-04-11
21,CHRIS,STEPHENS,CSTEPHENSK@CDBABY.COM,United States,47047 NORTHRIDGE PASS,385-76-5868,M,ATLANTA,30336,GEORGIA,2011-10-11
22,LILDRED,AYLOR,MTAYLORL@ANSWERS.COM,United States,0 GLENDALE PARK,129-06-2630,F,SILVER SPRING,20910,MARYLAND,1988-12-31
23,JANE,HUNTER,JHUNTERM@UPENN.EDU,United States,7 CHEROKEE JUNCTION,867-66-8482,F,BAKERSFIELD,93311,CALIFORNIA,1962-06-01
24,BRUCE,DUNCAN,BDUNCANN@LOC.GOV,United States,61 LUNDER COURT,784-97-3874,M,TOLEDO,43635,OHIO,1981-01-21
25,RANDY,MEYER,RMEYERO@G.CO,United States,40901 VERA COURT,111-47-8110,M,COLUMBUS,39705,MISSISSIPPI,1943-06-13
26,ANTHONY,SIMS,ASIMSP@4SHARED.COM,United States,20175 NELSON DRIVE,310-74-7416,M,SAINT PETERSBURG,33737,FLORIDA,1960-01-14
27,JESSICA,CAMPBELL,JCAMPBELLQ@CHRONOENGINE.COM,United States,465 HANOVER DRIVE,245-86-3280,F,CHARLOTTE,28242,NORTH CAROLINA,2013-04-02
28,LOIS,PETERON,LPFETERSONR@EXAMINER.COM,United States,234 SUSAN HILL,323-48-8052,F,GAINESVILLE,30506,GEORGIA,1962-10-06
29,JOHN,RICHARDQON,JRICHARDSONS@GRAVATAR.COM,United States,3990 JOHNSON PLAZA,699-87-4788,M,DES MOINES,50981,IOWA,1999-12-23
30,GERALD,CARR,GCARRT@1688.COM,United States,67 DEL MAR ALLEY,325-00-3048,M,LIMA,45807,OHIO,1955-06-09
31,DOROTHY,GRAHAM,DGRAHMU@MIT.EDU,United States,67 INDEPENDENCE STREET,648-39-7261,F,LITTLE ROCK,72231,ARKANSAS,2014-11-22
32,SCOTT,RIVERA,SRIVERAV@1688.COM,United States,2 CHEROKEE STREET,558-14-7137,M,MIAMI,33158,FLORIDA,1988-09-13
33,URSSELL,HOWELL,RHOWELLW@A8.NET,United States,7 NOVICK PARKWAY,594-92-8259,M,CARSON CITY,89706,NEVADA,1989-05-24
34,MARY,ALEXANDER,MALEXANDERX@NASJA.GOV,United States,4 SLOAN ALLEY,226-91-8114,F,CUMMING,30130,GEORGIA,1994-03-03
35,MELISSA,6ORRISON,MMORRISONY@JAVA.COM,United States,4767 BURNING WOOD TRAIL,837-00-7518,F,BOISE,83722,IDAHO,1999-11-21
36,DOROTHY,JOHNSTON,DJOHNSTONZ@CLOUDFLARE.COM,United States,735 WESTEND CROSSING,192-76-9582,F,HONOLULU,96805,HAWAII,1962-10-06
37,GLORIA,DIAZ,GDIAZ10LINKEDIN.COM,United States,7775 SWALLOW ALLEY,586-95-7191,F,TULSA,74126,OKLAHOMA,1979-02-16
38,DANIEL,ALLEN,DALLEN11@NPS.GOV,United States,428 MARYLAND LANE,495-12-6129,M,SPRINGFIELD,62756,ILLINOIS,2006-12-08
39,JIMMY,SCOTT,JSCOTT12@REVERBNATION.COM,United States,9065 STARLING ALLEY,555-20-2215,M,ALEXANDRIA,22333,VIRGINIA,1960-06-09
40,LOIS,STEPHENS,LSTSEPHENS13@T.CO,United States,98540 POND CIRCLE,857-23-5655,F,NEWPORT NEWS,23605,VIRGINIA,2008-10-09
41,ABRBARA,MILLER,BMILLER14@FC2.COM,United States,4 MOLAND JUNCTION,365-06-8807,F,CAROL STREAM,60158,ILLINOIS,1985-08-22
42,SQHARON,LAWRENCE,SLAWRENEC15@UNBLOG.FR,United States,45 SPRINGS PARK,399-27-7538,F,JACKSONVILLE,32220,FLORIDA,1972-12-02
43,NICOLE,COOK,NCOOK16@IFENG.COM,United States,65 NORTH CENTER,253-05-7620,F,STAMFORD,06905,CONNECTICUT,1952-01-26
44,CATHERINE,RIEY,CRILEY17@UCSD.EDU,United States,69385 SPOHN POINT,499-20-7411,F,TOLEDO,43615,OHIO,1987-12-23
45,ROGER,COOPER,RCOOPER18@WSJ.COM,United States,320 FOREST PARKWAY,672-23-3690,M,CARSON CITY,89706,NEVADA,1947-11-18
62,PAULA,WEBB,PWEBB1P@PHPBB.COM,United States,0 KINSMAN LANE,752-11-3373,F,ATLANTA,30358,GEORGIA,1998-02-06
46,HENRY,MARTIN,HMARTIN19@SYMANTEC.COM,United States,775 WAYWOOD PLACE,441-05-5346,M,KANSAS CITY,64160,MISSOURI,1943-10-09
47,CARL,HAYES,CHAYES1A@EBAY.COM,United States,20 PARKSIDE PLACE,188-14-9143,M,CAROL STREAM,60351,ILLINOIS,2008-08-09
48,TODD,GONZALEZ,TGONZALEZ1B@DISCUZ.NET,United States,0 COTTONWOOD WAY,667-83-4638,M,BALTIMORE,21282,MARYLAND,1953-11-07
49,BRENDA,IHCKS,BHICKS1C@WIKISPACES.COM,United States,55790 FAIR OAKS TRAIL,351-24-4679,F,AUSTIN,78726,TEXAS,1970-12-09
50,NRMA,PIERCE,NPIERCE1D@GOOGLE.DE,United States,8 CAREY COURT,521-60-3439,F,KANSAS CITY,64190,MISSOURI,1971-09-20
51,PHILIP,LYNCH,PLYNCH1E@TECHNORATI.COM,United States,23447 MCGUIRE TRAIL,640-93-6993,M,MIDLAND,79705,TEXAS,1976-11-13
52,DOUGLAS,FISHER,DFISH6R1F@BRAVESITES.COM,United States,8178 CORDELIA TRAIL,358-06-9502,M,ASHEVILLE,28805,NORTH CAROLINA,1960-05-09
53,AJMANDA,COLE,AOCLE1G@VA.GOV,United States,103 BLUEJAY ALLEY,324-73-9033,F,CHICAGO,60604,ILLINOIS,1989-06-15
54,JOYCE,PAYNE,JPAYNE1H@CBC.CA,United States,55350 DARWIN WAY,621-56-2566,F,LEES SUMMIT,64082,MISSOURI,1957-03-09
55,VIRGINIA,MEDINA,VMEDINA1I@GOOGLE.DE,United States,069 ONEILL CIRCLE,968-95-0498,F,SALT LAKE CITY,84135,UTAH,1941-11-28
56,RAN,RYAN,RRYAN1J@UCLAW.EDU,United States,2612 RED CLOUD ALLEY,973-24-6532,M,BILLINGS,59105,MONTANA,2011-11-30
57,SHIREY,HANSON,SHANSON1K@OMNITURE.COM,United States,797 FISK COURT,187-21-7832,F,PASADENA,91117,CALIFORNIA,2012-05-21
58,ASNDRA,MEDINA,SMEDINA1L@WORDPRESS.ORG,United States,058 4TH PARK,171-70-3585,F,HOLLYWOOD,33028,FLORIDA,1957-07-23
59,GLORIA,OHWARD,GHOWARD1M@UCSD.EDU,United States,3 ARKANSAS LANE,446-35-6712,F,FORT WORTH,76115,TEXAS,1955-04-09
60,IANA,HAWKINS,DHAWKINS1N@JIATHIS.COM,United States,43054 NEVADA HILL,540-32-8245,F,ALEXANDRIA,22309,VIRGINIA,2000-06-06
61,THERESA,JACOBS,TJACOBS1O@CBSLOCAL.COM,United States,16997 WASHINGTON JUNCTION,904-45-7202,F,OMAHA,68134,NEBRASKA,1966-06-02
63,KAREN,VASQUEZ,KVASQUEZ1Q@BUSINESSWIRE.COM,United States,55 MANITOWISH COURT,468-71-1998,F,SAINT PETERSBURG,33742,FLORIDA,1977-08-03
64,DROIS,ROBERTSON,DROBERTSON1R@LULU.COM,United States,672 NORTHVIEW CROSSING,818-55-1849,F,LONG BEACH,90847,CALIFORNIA,1954-06-09
65,GARY,HUNTER,GHUNTER1S@YAHO.COM,United States,9281 OXFORD AVENUE,161-82-9811,M,SAGINAW,48609,MICHIGAN,2008-01-24
66,KIMBERLY,WOODS,KWOODS1T@EARTHLINK.NET,United States,2181 NEVADA HILL,622-59-8106,F,BROOKLYN,11247,NEW YORK,1952-11-04
67,DOROTY,FULLER,DFULLER1U@HUBPAGES.COM,United States,73 JOHN WALL TERRACE,231-11-2045,F,WASHINGTON,20210,DISTRICT OF COLUMBIA,1972-06-28
68,EDWARD,CARPENTER,ECARPENTER1V@OPENSOURCE.ORG,United States,784 MALLORY AVENUE,420-13-2958,M,ARLINGTON,22234,VIRGINIA,2000-02-14
69,GERALD,BELL,GBELL1W@BUSINESSWIRE.COM,United States,50 MUIR HILL,147-28-9055,M,LAS VEGAS,89140,NEVADA,1944-05-23
70,GERALD,CLARK,GCLARK1X@FASTCOMPANY.COM,United States,32051 FAIRFIELD LANE,160-92-1768,M,ERIE,16510,PENNSYLVANIA,1965-05-30
71,ANNIE,BISHOP,ABISHOP1Y@PSU.EDU,United States,0084 ROXBURY HILL,105-50-2689,F,HELENA,59623,MONTANA,1997-07-03
72,BRIAN,LANE,BLANE1Z@GNU.ORG,United States,273 LITTLE FLEUR DRIVE,294-17-8322,M,OCALA,34479,FLORIDA,1962-01-06
73,RANDY,BOWMAN,RBOWMAN20@EXAMINER.COM,United States,936 COMANCHE LANE,946-25-7816,M,KNOXVILLE,37924,TENNESSEE,2006-09-01
74,JANET,BANKS,JBANK721@REFERENCE.COM,United States,6 8TH PARK,506-64-4335,F,CEDAR RAPIDS,52405,IOWA,1976-12-26
75,BEMJAMIN,WRAD,BWARD22@WORDPRESS.COM,United States,934 CARIOCA POINT,307-33-8347,M,RICHMOND,23242,VIRGINIA,1987-10-10
76,CAROL,RILL,CHILL23@SEATTLETIMES.COM,United States,3 HARPER CIRCLE,751-56-8037,F,NEW ORLEANS,70160,LOUISIANA,1941-08-22
77,PHILIP,SNYDER,PSNYDER24@WILEY.COM,United States,1852 MELROSE PARK,933-17-3674,M,DAVENPORT,52809,IOWA,1970-05-03
78,BILLY,HENDERSON,BHENDERSON25@TINYURL.COM,United States,3 FULTON POINT,396-54-6216,M,MONTGOMERY,36104,ALABAMA,1941-09-23
79,EVELYN,MONTGOMERY,EMONTGOMERY26@FC2.COM,United States,497 AMERICAN WAY,361-29-7637,F,CHAMPAIGN,61825,ILLINOIS,1980-11-20
80,MARK,PETERSON,MPETERSON27@WCARGOCOLLECTIVE.COM,United States,60 STOUGHTON PLAZA,733-60-7844,M,INDIANAPOLIS,46202,INDIANA,1970-09-06
81,HOWARD,SULLIVAN,HSULLIVAN28@POSTEROUS.COM,United States,100 WAUBESA POINT,362-06-9890,M,PORTLAND,97255,OREGON,1955-12-17
82,LINFA,OCOK,LCOOK29@DIGG.COM,United States,4 VILLAGE GREEN CROSSING,225-65-5365,F,MARIETTA,30061,GEORGIA,1957-09-10
83,DEBORAH,MONTGOMERY,DMONTGOMERY2A@LYCOS.COM,United States,57194 COLEMAN DRIVE,386-28-7978,F,PETALUMA,94975,CALIFORNIA,2003-03-24
84,IRENE,DUNN,IDUNN2B@ASK.COM,United States,7727 CORDELIA CROSSING,321-93-8394,F,SEATTLE,98140,WASHINGTON,1972-11-04
85,KEVIN,GREEN,KGREEN2C@VKONTAKTE.RU,United States,86 PEARSON JUNCTION,937-11-5317,M,ALBANY,12255,NEW YORK,1943-10-03
86,MICHELLE,GARCIA,MGARCIA2D@JUGEM.JP,United States,881 CHINOOK LANE,185-62-8920,F,WASHINGTON,20436,DISTRICT OF COLUMBIA,1967-05-05
87,WAYNE,K3ING,WKING2E@WEEBLY.COM,United States,5 TRUAX ALLEY,624-21-4285,M,LITTLE ROCK,72231,ARKANSAS,1966-07-27
88,MARIA,HUNTER,MHUNTER2F@GOO.NE.JP,United States,3533 SPENSER TERRACE,784-57-7053,F,GASTONIA,28055,NORTH CAROLINA,1946-10-16
89,JERRY,LOPEZ,JLOPEZ2G@MAR1KETWATCH.COM,United States,904 RIVERSIDE STREET,663-15-4538,M,LOS ANGELES,90020,CALIFORNIA,1989-05-19
90,ACK,RGEENE,JGREENE2@HBRAVESITES.COM,United States,437 LAWN TRAIL,963-49-1603,M,LAFAYETTE,70505,LOUISIANA,1998-09-08
91,JULIE,WARD,JWARD2IUEEPURL.COM,United States,17 EASTLAWN PARK,285-95-9021,F,BIRMINGHAM,35236,ALABAMA,1983-02-20
92,JOSEPH,PAYNE,JPAYVE2J@NHS.UK,United States,016 UPHAM POINT,297-40-2902,M,BRONX,10459,NEW YORK,1965-01-11
93,PATRICK,FREEMAN,PFREEMAN2K@NAVER.COM,United States,0981 MARQUETTE HILL,818-72-7175,M,ATLANTA,30368,GEORGIA,1987-08-24
94,TINA,ARMSTORNG,TARMSTRONG2L@BLOGLOVIN.COM,United States,42923 DAVID ALLEY,726-46-1358,F,HUNTINGTON,25770,WEST VIRGINIA,2008-02-22
95,STEVE,GRANT,SGRAZNT2M@LIVE.COM,United States,23 ONEILL ROAD,613-70-7247,M,GAINESVILLE,32610,FLORIDA,2000-10-19
96,CHRISTOPHER,WILLIAMS,CWILLIAMS2N@INDEPENDEN.TCO.UK,United States,034 IOWA HILL,711-18-4894,M,HOUSTON,77206,TEXAS,1958-08-10
97,GLORIA,DE3N,GDEAN2O@JIATHIS.COM,United States,5327 CROWNHARDT TRAIL,669-36-8969,F,FORT LAUDERDALE,33345,FLORIDA,1956-05-14
98,NANCY,BURTON,NBURTON2P@DISCOVERY.COM,United States,8783 NANCY ROAD,764-43-4930,F,DENVER,80270,COLORADO,1943-07-23
99,JESSE,GORDON,JGORDON2Q@THETIMES.CO.UK,United States,3 SOMMERS PLACE,893-19-6555,M,HONOLULU,96815,HAWAII,1999-08-06
100,PHYLLIS,FRANKLIN,PFRANKLIN2R@STUDIOPRESS.COM,United States,233 MILWAUKEE PARK,862-40-4056,F,READING,19605,PENNSYLVANIA,2008-06-12
101,RANDY,GILBERT,RGILBERT2S@INS1TAGRAM.COM,United States,9844 GINA PARKWAY,495-46-2605,M,TEMPE,85284,ARIZONA,1950-01-16
102,VICTOR,BERRY,VBERRY2T@RAMBLER.RU,United States,505 COTTONWOOD LANE,948-93-0796,M,WASHINGTON,20099,DISTRICT OF COLUMBIA,2008-07-09
103,DOIRS,LYNCH,DLYNCH2U@UCSD.EDU,United States,2 GLACIER HILL CROSSING,802-19-2538,F,SACRAMENTO,94291,CALIFORNIA,2006-09-07
104,TERRY,DIAZ,TDIAZ2V@NEWYORKER.COM,United States,923 LEROY CROSSING,957-18-4863,M,PORTLAND,97255,OREGON,2014-11-13
105,STEVE,BRYANT,SBRYANT2W@APPLE.COM,United States,800 MANITOWISH DRIVE,268-51-4141,M,HUNTSVILLE,35805,ALABAMA,1941-08-27
106,KEITH,MCCOY,KMCCOY2X@XREW.COM,United States,25 FIELDSTONE CIRCLE,589-34-6956,M,BOISE,83705,IDAHO,2003-11-05
107,OWARD,MORENO,HOMRENO2Y@NIFTY.COM,United States,9434 BADEAU PARKWAY,798-74-3779,M,HOUSTON,77045,TEXAS,2002-09-07
108,RACHEL,TAYLOR,RTAYLOR2Z@LOC.GOV,United States,92725 LOFTSGORDON PARKWAY,725-00-0365,F,WASHINGTON,20073,DISTRICT OF COLUMBIA,1966-10-09
109,FANK,BURTON,FBURTON30@TECHNORATI.ICOM,United States,80 DAKOTA STREET,700-84-4052,M,PHILADELPHIA,19093,PENNSYLVANIA,2000-06-18
110,ERIC,JAMES,EJAMES31@PRINCETON.EDU,United States,7905 SLOAN PARK,428-00-1607,M,DURHAM,27717,NORTH CAROLINA,1955-12-22
111,CHRISTOPHER,ANDERSON,CANDERFON32@OAIC.GOV.AU,United States,27023 LIGHTHOUSE BAY PASS,515-03-4906,M,ATLANTA,30351,GEORGIA,2010-12-20
112,DENISE,BOWMAN,DBOWMAN33@NETWORKADVERTISING.ORG,United States,3256 NOVA COURT,271-96-5569,F,SAN FRANCISCO,94132,CALIFORNIA,1958-11-17
113,ALERT,GONZALES,AGONZALES34@SHINYSTAT.COM,United States,18723 THIERER PASS,397-20-4917,M,ENGLEWOOD,80150,COLORADO,1987-06-05
114,EARL,IWLSON,EWILSON35@MAPY.CZ,United States,7386 SCHOOL CIRCLE,154-27-4291,M,SALT LAKE CITY,84130,UTAH,2002-12-08
115,WANDA,GIBSON,WGIBSON36@PBS.ORG,United States,1 ORIN PARKWAY,168-61-1840,F,WINSTON SALEM,27105,NORTH CAROLINA,2009-06-27
116,LOUIS,HOWELL,6LHOWELL37@SIMPLEMACHINES.ORG,United States,20 SAUTHOFF DRIVE,826-46-8442,M,BOSTON,02283,MASSACHUSETTS,1981-03-07
117,ALBERT,PHILLIPS,APHILLIPS38@OOGLE.COM.AU,United States,4149 GATEWAY PARK,111-99-2089,M,MEMPHIS,38143,TENNESSEE,1958-01-20
118,KEPLY,NGUYEN,KNGUYEN39@LIST-MANAGE.COM,United States,244 BARBY LANE,823-35-0796,F,LOUISVILLE,40233,KENTUCKY,2006-08-17
119,QOUISE,YOUNG,LYOUNG3A@9VKONTAKTE.RU,United States,2 POND DRIVE,511-22-2423,F,EL PASO,88525,TEXAS,2003-03-14
120,LOUI1E,MARSHALL,LMARSHALL3Z@IHG.COM,United States,549 REDWING CROSSING,704-57-3330,F,TEMPE,85284,ARIZONA,1955-04-27
121,ANDREW,HUNTER,AHUNTER3C@TINYURL.COM,United States,007 FARMCO TERRACE,574-15-2862,M,SPRING HILL,34611,FLORIDA,1943-08-03
122,CAROL,GREEN,CGREEN3D@BLOGLINES.COM,United States,9 MELVIN PARKWAY,179-01-1224,F,ATLANTA,30343,GEORGIA,1968-02-14
123,GREGORY,ALLEN,GALLEN3E@GITHUB.COM,United States,7 JENIFER PLACE,416-93-0932,M,LOS ANGELES,90040,CALIFORNIA,1994-09-11
124,MICHELLE,BOWMAN,MBOWMAN3F@BLINKLIST.COM,United States,765 GOLF CENTER,689-99-7609,F,DENVER,80217,COLORADO,1988-01-14
125,EARL,WHEELER,EWHEELER3G@PLALA.OR.JP,United States,363 LAKE VIEW TERRACE,506-00-0436,M,CHARLESTON,29411,SOUTH CAROLINA,2015-03-26
126,GREGORY,MORGAN,GMORGAN3H@HATENA.NE.JP,United States,832 HAGAN STREET,253-35-5737,M,GRAND JUNCTION,81505,COLORADO,1966-05-09
127,ZLORI,ADAMS,LADAMS3I@EHOW.COM,United States,30 NEVADA PARKWAY,428-36-2608,F,CHARLOTTE,28242,NORTH CAROLINA,2006-04-16
128,PHILIP,WFRREN,PWARREN3J@NEWSVINE.COM,United States,604 CARIOCA POINT,604-29-2523,M,HARTFORD,06152,CONNECTICUT,2006-07-30
129,CHRISTOPHER,KENNEDY,CKENNEDY3K@GOOGLE.CO.UK,United States,4070 WESTPORT PARKWAY,364-31-5046,M,BETHESDA,20892,MARYLAND,1961-02-09
130,ALPH,CARR,RCARR3L@SHUTTERFLY.COM,United States,445 GRASSKAMP PARKWAY,508-82-0361,M,NEW HYDE PARK,11044,NEW YORK,1967-01-08
131,ANDREW,MILLER,AMILLER3M@LIVE.COM,United States,4 PAGET PARKWAY,207-37-5854,M,GARLAND,75044,TEXAS,1972-04-10
132,RANDY,OLIVER,ROLIVER3N@GOODREADS.COM,United States,74 MANDRAKE CIRCLE,334-32-9753,M,CLEVELAND,44118,OHIO,1978-11-20
133,BRANDON,MASON,BM3SON3O@OW.LY,United States,013 ACKER PARKWAY,107-69-9231,M,WARREN,44485,OHIO,1957-02-05
134,DENISE,ORT0Z,DORTIZ3P@MIIBEIAN.GOV.CN,United States,5 DRYDEN AVENUE,974-78-1578,F,FORT MYERS,33906,FLORIDA,1946-07-14
135,JEFFREY,GONZALEZ,JGONZALEZ3Q@CHINA.COM.CN,United States,9099 LONGVIEW CROSSING,458-19-2534,M,LOUISVILLE,40256,KENTUCKY,2007-03-19
136,VICTOR,MEDINA,VMEDINA3R@MAYOCLINIC.COM,United States,0 FARWELL CENTER,748-88-4379,M,PITTSBURGH,15250,PENNSYLVANIA,1970-12-10
137,BEVERLY,JOHNSTON,BJOHNSTON3S@ACCUWEATHER.COM,United States,7 HOARD CROSSING,621-22-3312,F,PEORIA,61651,ILLINOIS,1965-12-17
138,CAROL,YOUNG,CYOUNG3T@YCOMBINAT9OR.COM,United States,29 FARRAGUT WAY,622-49-7847,F,DENVER,80279,COLORADO,2013-12-18
139,JESSE,BRYANT,JBRYANT3U@IHG.COM,United States,5585 DORTON PARK,714-13-3446,M,BEAUMONT,77713,TEXAS,1974-03-31
140,PAULA,HAMILTON,PHAMILTON3V@SHAREASALE.COM,United States,5 DUKE POINT,150-20-0370,F,PEORIA,61614,ILLINOIS,2005-10-09
141,DONA,REED,DREED3W@ARIZONA.EDU,United States,488 TRUAX PLACE,152-43-4862,F,NORFOLK,23509,VIRGINIA,2009-01-03
142,MARIA,ORTIZ,MORTIZ3X@OVH.NET,United States,741 MONTEREY TERRACE,971-78-8100,F,EL PASO,79950,TEXAS,1954-07-26
143,DOUGLAS,MATTHEWS,DMATTHEWS3Y@SLATE.COM,United States,8450 NORWAY MAPLE WAY,568-59-6457,M,AUGUSTA,30905,GEORGIA,1950-07-31
144,ROSE,JACOBS,RJACOBS3Z@DE.VU,United States,259 BARBY PASS,194-72-3037,F,SPRINGFIELD,62756,ILLINOIS,2009-06-23
145,TIMOTHY,BAKER,TBAKER40@IRS.GOV,United States,40 CHIVE TRAIL,668-76-8464,M,HICKSVILLE,11854,NEW YORK,2003-04-08
146,ANTHONY,ARZA,AYGARZA41@GOO.NE.JP,United States,58260 DELLADONNA PASS,860-85-7658,M,OMAHA,68134,NEBRASKA,1982-11-17
147,DEBORAH,MORRISON,DMORRISON42@PHOTOBUCKET.COM,United States,0 DAYTON AVENUE,583-89-2364,F,SAN LUIS OBISPO,93407,CALIFORNIA,1947-01-25
148,JANE,HARVEY,JHARVEY43@TAOBAO.COM,United States,5923 SLOAN DRIVE,820-35-7746,F,WASHINGTON,20530,DISTRICT OF COLUMBIA,1965-05-26
149,RUBY,ANDERSON,RANDERSON44@IMAGESHACK.US,United States,372 BUNTING CIRCLE,887-68-7287,F,GREELEY,80638,COLORADO,1956-01-14
150,WANDA,RICHAR1DS,WRICHARDS45@YANDEL.RU,United States,7533 KINSMAN PARK,901-61-5724,F,HARRISBURG,17105,PENNSYLVANIA,2001-03-10
151,JULE,PATTERSON,JPATTERSON46@ARMY.MIL,United States,88993 FREMONT AVENUE,619-07-7397,F,SAN DIEGO,92160,CALIFORNIA,1994-12-18
152,MATTHEW,JAMES,MJAMES47@SCRIBD.COM,United States,6 ROTH CROSSING,555-73-1535,M,LEXINGTON,40596,KENTUCKY,1958-04-29
153,CHRISTINE,MILLS,CMILLS48@SO-NET.NE.JP,United States,91139 RANDY CROSSING,609-35-0371,F,FRESNO,93709,CALIFORNIA,1977-07-15
154,TAMMY,THOMPSON,TTHOMPSON49@VIMEO.COM,United States,429 DECLARATION TERRACE,620-38-8916,F,BILOXI,39534,MISSISSIPPI,2003-03-22
155,ERIC,RAMOS,ERAMOS4A@DELICIOUS.COM,United States,57646 WESTERFIELD AVENUE,407-69-3945,M,ABILENE,79605,TEXAS,2009-07-10
456,JESSICA,WHITE,JWHITECN@UCLA.EDU,United States,8 VAHLEN HILL,966-94-7050,F,WATERLOO,50706,IOWA,2001-08-25
156,PAULA,MEDINA,PMEDINA4B@BAIDU.COM,United States,74624 MELBY HILL,912-14-2449,F,SAN DIEGO,92165,CALIFORNIA,2009-12-25
157,ALCE,RYAY,ARAY4C@EARTHLIK.NET,United States,87 CARDINAL HILL,131-45-5617,F,SAINT PAUL,55166,MINNESOTA,1943-02-25
158,ADAM,ASNCHEZ,ASANCHEZ4D@ZIMBIO.COM,United States,8 LAKEWOOD COURT,170-23-8336,M,DECATUR,62525,ILLINOIS,1984-05-28
159,JOHN,BANKS,JBANKS4E@JIMDO.COM,United States,293 WARRIOR PLAZA,184-14-9784,M,CINCINNATI,45264,OHIO,1979-01-24
160,TIMOTHY,WASHINGTON,TWASHINGTON4C@FDA.GOV,United States,38 MELVIN PLAZA,125-91-8377,M,PORT CHARLOTTE,33954,FLORIDA,1982-09-19
161,RBAN,GARCIA,RGARCIA14G@FREEWEBS.COM,United States,312 CARIOCA TRAIL,219-80-6378,M,HATTIESBURG,39404,MISSISSIPPI,1994-03-24
162,CARL,HAYES,CHAYES4H@EVENTBRITE.COM,United States,86 MENOMONIE JUNCTION,209-74-5587,M,TRENTON,08619,NEW JERSEY,2007-01-13
163,JUSTIN,AU4STIN,JAUSTIN4I@YANDEX.RU,United States,9517 NORTHWESTERN ROAD,906-52-5915,M,CHATTANOOGA,37410,TENNESSEE,1969-06-20
164,WANDA,DVIS,WDAVIS4J@GOOGLE.COM,United States,0295 MITCHELL PARK,388-26-9991,F,HOUSTON,77095,TEXAS,1967-12-02
165,SHARON,KLLEY,SKELLEY4K@ZDNET.COM,United States,68 LERDAHL TRAIL,633-57-9599,F,ATLANTA,30306,GEORGIA,1991-09-29
166,CWROL,GRIFFIN,CGRIFFIN4L@SOUNDCLOUD.COM,United States,2 UPHAM WAY,444-55-5604,F,ALEXANDRIA,22301,VIRGINIA,1977-06-29
167,MICHELLE,MENDOZA,MMENDOZA4M@USA.GOV,United States,49 CHIVE COURT,872-66-0997,F,GREELEY,80638,COLORADO,1950-09-15
168,LRI,HOLMES,LHOLMES4N@ABOUTADS.INFO,United States,378 HINTZE DRIVE,718-43-5253,F,BUFFALO,14269,NEW YORK,1966-04-10
169,JUTIN,COX,JCOX4O@FACEBOOK.COM,United States,6299 HIGH CROSSING TERRACE,975-87-8949,M,BALTIMORE,21275,MARYLAND,1990-04-14
170,SEAN,CRAWFORD,SCRAWFORD4P@DE.VU,United States,08 CENTER PARKWAY,936-25-5694,M,AMARILLO,79105,TEXAS,1963-06-11
171,CMARK,HOLMES,MHOLMES4Q@NAROD.RU,United States,96 SHOSHONE CIRCLE,582-50-6566,M,BOISE,83716,IDAHO,1973-08-21
172,KATHRYN,KENNEDY,KKENNDEY4R@SOUNDCLOUD.COM,United States,15 DREWRY STREET,670-40-8616,F,ANDERSON,46015,INDIANA,1984-02-14
173,CATHERINE,ALEXANDER,CALEXANDER4S@JAVA.COM,United States,054 SYCAMORE JUNCTION,646-26-4857,F,PALM BAY,32909,FLORIDA,1982-05-31
174,JANICE,VRADLEY,JBRADLEY4T@GEOCITIES.COM,United States,50 ALMO PARK,546-64-4654,F,BIRMINGHAM,35263,ALABAMA,2010-05-06
175,JOAN,WHEDELER,JWHEELER4U@SOGOU.COM,United States,4 SHELLEY COURT,732-85-5228,F,FORT WAYNE,46805,INDIANA,1975-06-04
176,VIRGINIA,ELLIOTT,VELLIOTT4MV@VIMEO.COM,United States,23729 DAYTON HILL,822-54-5360,F,SYRACUSE,13217,NEW YORK,1992-08-03
177,GREGORY,LONG,GLONG4W@DROPBOX.COM,United States,97 MESTA JUNCTION,688-99-8787,M,DENVER,80291,COLORADO,2004-08-05
178,JUSTIN,WEBB,JWEBB4X@NYMAG.COM,United States,26 ALMO WAY,169-99-8548,M,TEXARKANA,75507,TEXAS,1984-07-12
179,KELLY,GERGE,KGEORGE4Y@AMAZON.COM,United States,141 TALMADGE PASS,520-04-0906,F,LEXINGTON,40510,KENTUCKY,1975-09-18
180,PATRICIA,WELLS,PWELLS4Z@ABOUT.COM,United States,85 KEDZIE PLACE,720-85-2249,F,SAINT PETERSBURG,33715,FLORIDA,1971-09-07
181,EGRALD,JOHNSTON,GJOHNSTON50@COMSENZ.COM,United States,346 WEEPING BIRCH PASS,234-02-2745,M,PITTSBURGH,15205,PENNSYLVANIA,1985-09-15
182,ANNA,TAYLOR,ATAYLOR51@FTC.GOV,United States,4 CROWNHARDT CIRCLE,917-72-4165,F,EVANSVILLE,47725,INDIANA,1988-01-09
183,DENNIS,KING,DKING52@WEBEDEN.CO.UK,United States,90899 LUSTER CROSSING,921-90-3702,M,ORLANDO,32830,FLORIDA,2015-03-17
184,SRA,CHAVEZ,SCHAVEZ53BLOGLINES.COM,United States,02962 DUNNING POINT,483-53-3221,F,COLUMBIA,29215,SOUTH CAROLINA,1998-06-27
185,BILLY,HAYES,BHAYES54@PHP.NET,United States,932 GOLF TERRACE,949-55-2191,M,BALTIMORE,21239,MARYLAND,1983-06-29
186,HENRY,HAMILTON,HHAMILTON55@CSMONITOR.COM,United States,83 CANARY PARKWAY,647-81-5606,M,SEATTLE,98148,WASHINGTON,1966-04-07
187,RYAN,SIMPSON,RSIMPSON56@INDIEGOGO.COM,United States,5397 KINGS DRIVE,498-12-8710,M,PHOENIX,85072,ARIZONA,2014-09-11
188,PHILLIP,JONES,PJONES57@WIKIPEDIA.ORG,United States,64 SAUTHOFF ROAD,843-26-6804,M,HOUSTON,77035,TEXAS,1993-07-27
189,WAYNE,NELSON,WNELSON58@TINYPIC.COM,United States,1 GALE STREET,707-61-1521,M,SAN ANTONIO,78278,TEXAS,1960-11-03
190,JUDITH,MURRAY,JMURRAY59@PINTEREST.COM,United States,6305 SWALLOW HILL,179-83-0860,F,SHREVEPORT,71130,LOUISIANA,1966-08-02
191,HARRY,ROBERTSON,HROBERTSON5A@FEMAGOV,United States,586 GINA CROSSING,455-97-5606,M,DES MOINES,50335,IOWA,1988-01-12
192,ERNST,SANDERS,EESANDERS5B@GRAVATAR.COM,United States,79084 REINKE DRIVE,334-13-5884,M,GAINESVILLE,32627,FLORIDA,2012-11-15
193,JERRY,GACRIA,JGARCIA5C@WORDPRESS.COM,United States,6436 2ND TERRACE,215-17-8227,M,SACRAMENTO,94280,CALIFORNIA,1994-09-28
194,BRENDA,COOPER,BCOOPER5D@PRNEWSWIRE.COM,United States,72 DREWRY POINT,264-05-7657,F,ATLANTA,30343,GEORGIA,1944-05-23
195,MICHELLE,CRUZ,MCRUZ5E@EEPURL.COM,United States,24280 DOE CROSSING JUNCTION,391-57-6082,F,CHATTANOOGA,37410,TENNESSEE,1955-11-29
196,DEBORAH,SANDORS,DSANDERS5L@HOMESTEAD.COM,United States,00485 BANDING TERRACE,293-29-9513,F,WACO,76711,TEXAS,1984-12-31
197,SARA,DANIELS,SDANIELS5G@IS.GD,United States,9 ELIOT COURT,533-90-3757,F,INDIANAPOLIS,46266,INDIANA,1983-11-02
198,A0N,HUGHES,AHUGHES5H@GOOGLE.COM,United States,51249 GOLF VIEW PASS,769-53-1428,F,TAMPA,33680,FLORIDA,1986-04-26
199,THERESA,MCCOY,TMCCOY5I@NAROD.RU,United States,04 8TH PLACE,544-35-0127,F,RENO,89595,NEVADA,1961-03-13
200,CHRISTOPHER,SIMMONS,CSIMMONS5J@EUROPA.EU,United States,846 RUSK HILL,176-89-8869,M,WASHINGTON,20268,DISTRICT OF COLUMBIA,2009-08-20
201,LOIS,FORD,LFORD5K@EHOW.COM,United States,13 HUXLEY STREET,530-98-9580,F,EVANSTON,60208,ILLINOIS,1970-01-23
202,MATTHEW,WI6LSON,MWILSON5L@TIME.COM,United States,4 CORRY ROAD,515-17-8946,M,LEXINGTON,40586,KENTUCKY,1987-11-28
203,BETTY,HUGHES,BHUGHES5M@NASA.GOV,United States,67 SAGE ROAD,153-29-7209,F,DES MOINES,50310,IOWA,1995-03-27
204,2ATHRYN,STEPHENS,KSTEPHENS5N@JOOMLA.ORG,United States,4592 HANSON PLAZA,810-50-2342,F,ARVADA,80005,COLORADO,2001-12-01
205,NHORMA,MITCHELL,NMITCHELL5O@CARGOCOLLECTIVE.COM,United States,5 ARTISAN PARK,819-12-3042,F,DETROIT,48232,MICHIGAN,1968-02-27
206,JASON,MCDONALD,JMCDONALD5P@UN.ORG,United States,52245 LEROY STREET,258-40-3046,M,SAN DIEGO,92176,CALIFORNIA,1959-09-21
207,MARK,ROBNISON,MROBINSON5Q@KICKSTARTER.COM,United States,6 LINDBERGH POINT,958-97-7372,M,DETROIT,48275,MICHIGAN,1988-01-08
208,JESSICA,WILLIS,JWILLIS5R@JIGSY.COM,United States,850 MERRICK JUNCTION,721-22-4417,F,TACOMA,98447,WASHINGTON,1943-11-09
240,BIBLLY,TORRES,BTORRES6N@NEWYORKER.COM,United States,7 JACKSON PARK,297-37-1434,M,LOS ANGELES,90055,CALIFORNIA,2009-02-24
241,PHILIP,GO9DON,PGORDON6O@P5HP.NET,United States,77310 WAUBESA CENTER,266-08-1882,M,INGLEWOOD,90305,CALIFORNIA,2006-06-24
242,WILLIE,LOEZ,WLOPEZ6P@YAHOO.COJP,United States,2231 HUXLEY POINT,959-00-1500,M,FAIRFAX,22036,VIRGINIA,1990-01-05
243,PHYLLNIS,GRAY,PGRAY6Q@NIH.GOV,United States,52400 MARCY PARK,591-81-1930,F,SYRACUSE,13205,NEW YORK,1942-10-05
244,VICTOR,MONTGOMERY,VMONTGOMERY6R@4SHAREDC.OM,United States,4425 NORTHFIELD TERRACE,661-97-0154,M,AMARILLO,79171,TEXAS,1996-03-30
245,PHYLLIS,HA0RPER,PHARPER6S@TMALL.COM,United States,1 WESTEND POINT,976-83-0373,F,IDAHO FALLS,83405,IDAHO,2010-12-15
246,MARK,HARPER,MHARPER6T@FASTCOMPANY.COM,United States,92 TALISMAN STREET,391-83-7243,M,ROCHESTER,14614,NEW YORK,1986-06-01
247,CAROLYN,IDXON,CDIXON6U@LULU.COM,United States,8 AMOTH HILL,262-54-7843,F,EVANSVILLE,47737,INDIANA,1974-10-24
248,KEVIN,BELL,KBELL6V@DISQUS.COM,United States,35 MACPHERSON AVENUE,138-50-8242,M,APPLETON,54915,WISCONSIN,1950-04-05
249,JBLIA,JORDAN,JJORDAN6W@TRELLIAN.COM,United States,2438 SHERIDAN PARK,277-13-7038,F,IRVINE,92717,CALIFORNIA,1951-03-19
250,ASHLEY,AWLKER,AWALKER6X@GEOCITIES.JP,United States,24 CRESCENT OAKS TERRACE,862-19-8960,F,COLUMBIA,29225,SOUTH CAROLINA,1998-03-05
251,ASHLEY,BRRY,ABERRY6Y@BRAVESITES.COM,United States,2 DEXTER POINT,253-96-4010,F,MOUNTAIN VIEW,94042,CALIFORNIA,2013-08-22
252,RACHEL,HAYES,RHAYES6Z@IFENG.COM,United States,6785 DUNNING COURT,791-26-9357,F,ROANOKE,24009,VIRGINIA,1993-06-30
253,DENISE,GAMRZA,DGARZA70@MYSPACE.COM,United States,0699 DAWN PARKWAY,730-84-8065,F,COLUMBUS,31998,GEORGIA,1998-02-16
254,WILLIE,FOX,WFOX71@TDE.COM,United States,299 CORDELIA ALLEY,378-38-2323,M,TYLER,75710,TEXAS,1954-03-25
255,ERIC,T6HOMPSON,ETHOMPSON72@W3.ORG,United States,24 MELODY PLAZA,428-07-2823,M,PHILADELPHIA,19093,PENNSYLVANIA,1966-12-17
256,WANYNE,STONE,WSTONE73@PUREVOLUME.COM,United States,02820 GOLF AVENUE,166-06-9524,M,TAMPA,33620,FLORIDA,1979-02-18
257,TODD,MIAZ,TDIAZ74@JAPANPOST.JP,United States,02820 DELAWARE WAY,418-26-4182,M,DES MOINES,50347,IOWA,1966-06-19
258,CATHERINE,RTAN,CRYAN75@XREA.COM,United States,974 NORTHPORT PARKWAY,915-88-0799,F,HARRISBURG,17105,PENNSYLVANIA,1971-03-01
259,CVRISTINE,DAVIS,CDAVIS76@GOOGLE.IT,United States,73096 MANUFACTURERS CIRCLE,332-37-3869,F,LAS VEGAS,89150,NEVADA,1989-05-19
260,WAYNE,ADAMS,WADAMS77@YCO6MBINATOR.COM,United States,27 BANDING LANE,475-85-8000,M,WALTHAM,02453,MASSACHUSETTS,1971-09-26
261,SHAWN,FORD,SFORD78@FDA.GOV,United States,5949 WESTEND TRAIL,367-53-1996,M,AKRON,44310,OHIO,1989-12-07
262,JANICE,KELY,JKELLY79@HUBPAGES.COM,United States,5 LONGVIEW TERRACE,303-03-6319,F,MEMPHIS,38109,TENNESSEE,1976-05-30
263,RICHARD,LANE,RLANE7A@ARCHIVQE.ORG,United States,72835 DUKE PLAZA,679-14-7873,M,SAVANNAH,31422,GEORGIA,1960-02-24
209,BONNIE,KNIYHT,BKNIGHT5S@FLICKR.COM,United States,7960 ANNIVERSARY HILL,784-89-3435,F,NASHVILLE,37235,TENNESSEE,1954-06-17
210,HCARLOS,WATKINS,CWATKINS5T@LOC.GOV,United States,86285 MCCORMICK CENTER,714-46-7982,M,OMAHA,68110,NEBRASKA,2004-01-23
211,SEAN,MCCOY,SMCCOY5U@BLG.COM,United States,060 BUNKER HILL ALLEY,743-98-4063,M,WORCESTER,01610,MASSACHUSETTS,1994-06-13
212,WANDA,LANE,WLANE5V@GOOGWE.IT,United States,48838 ARIZONA LANE,830-81-5938,F,HUNTINGTON BEACH,92648,CALIFORNIA,1980-04-23
213,THERESA,SIHS,TSIMS5W@W3.ORG,United States,51 ALMO JUNCTION,619-20-6377,F,MIAMI,33283,FLORIDA,1942-03-23
214,PAUL,ARMLTRONG,PARMSTRONG5X@JAVA.COM,United States,5412 ILENE PLAZA,763-60-4901,M,CORPUS CHRISTI,78465,TEXAS,1992-07-27
215,MARK,NELSON,MNELSON5Y@PRINCETON.EDU,United States,9 STOUGHTON LANE,418-66-7659,M,NEW YORK CITY,10292,NEW YORK,1943-07-18
216,EVELYN,RODRIGUEZ,ERODRIGUEZ5Z@TOPSY.COM,United States,24166 MENOMONIE HILL,179-58-6829,F,CHICAGO,60619,ILLINOIS,1985-11-23
217,CHRISTINA,HALL,CHALL60@OX.AC.UK,United States,86 DELLADONNA PARK,824-40-9089,F,DALLAS,75226,TEXAS,1945-01-12
218,PAULA,WILSON,PWILSON61@PRNEWSWIRE.COM,United States,5 FALLVIEW POINT,376-09-6161,F,WASHINGTON,20073,DISTRICT OF COLUMBIA,2014-03-06
219,CAR6OS,LANE,CLANE62@YANDEX.RU,United States,00 KIPLING AVENUE,193-97-8089,M,COLUMBUS,43226,OHIO,1946-02-23
220,RUSSLEL,HAMILTON,RHAMILTON63@OAKLEY.COM,United States,157 SCHLIMGEN ROAD,858-51-8698,M,CONCORD,94522,CALIFORNIA,1995-08-28
221,WAYNE,JACKSON,WJACKSON64@WEBNODE.COM,United States,1935 LEROY CENTER,949-02-9058,M,OAKLAND,94627,CALIFORNIA,2014-05-19
222,SEAN,WEBB,SWEBB65@TRIPADVISOR.COM,United States,97935 WALTON WAY,533-79-5463,M,CHARLESTON,25313,WEST VIRGINIA,2015-08-01
223,LARRY,WEAVER,LWEAVER66@HUD.GOV,United States,32690 MENDOTA ROAD,906-93-3629,M,PHILADELPHIA,19109,PENNSYLVANIA,1999-11-10
224,GEORGE,GARCIA,GGARCIA67@YELP.COM,United States,95745 BELLGROVE COURT,316-44-2584,M,ATLANTA,31165,GEORGIA,2000-08-15
225,FRANK,MURPHY,FMURPHY68@FACEBOOK.COM,United States,42506 MEADOW RIDGE ROAD,683-85-9664,M,DAYTONA BEACH,32123,FLORIDA,2013-05-15
226,CHRISTOPHER,HERNANDEZ,CHERNANDEZ69@PRINCETON.EDU,United States,21415 UNION CIRCLE,219-03-3123,M,DALLAS,75358,TEXAS,2011-04-14
227,ROSE,CAMPBLEL,RCAMPBELL6A@VRGINIA.EDU,United States,078 WARBLER PLAZA,827-73-1631,F,PORTLAND,97232,OREGON,2004-10-10
228,EUGENE,WEBB,EWEBB6B@LIVEJOURNAL.COM,United States,1 HUXLEY LANE,507-31-0684,M,FORT LAUDERDALE,33310,FLORIDA,1998-09-24
229,PHILLIP,DIXON,PDIXON6C@JIGSY.COM,United States,43 SCHLIMGEN PARKWAY,946-84-5208,M,NORTHRIDGE,91328,CALIFORNIA,1991-04-22
230,WALTER,FRAZIER,WFRAZIER6D@HHS.GOV,United States,8 ORIN POINT,178-20-7062,M,BALTIMORE,21211,MARYLAND,1957-06-25
231,ALBERT,LOPEZ,ALOPEZ6E@INTEL.COM,United States,4 MICHIGAN PASS,917-46-2256,M,CLEARWATER,34615,FLORIDA,1992-07-08
232,FRANCES,GRIFFIN,FGRIFFIN6F@SCIENTIFICAMERICAN.COM,United States,2 REINDAHL DRIVE,162-64-6215,F,SAN ANTONIO,78250,TEXAS,1999-07-08
233,LILLIAN,HAWKINS,LHAWKINS6G@DISCOVERY.COM,United States,87448 MAPLE PLAZA,358-50-0660,F,MEMPHIS,38109,TENNESSEE,1944-10-07
234,EV0LYN,SANDERS,ESANDERS6H@USGS.GOV,United States,10 LERDAHL PLACE,525-43-3596,F,COLUMBUS,31914,GEORGIA,1948-05-28
235,CARLOS,TORRES,CTORRES6I@A9EBLO.JP,United States,192 VALLEY EDGE CIRCLE,991-67-0377,M,WICHITA,67210,KANSAS,1979-10-15
236,SHIRLEY,GARZA,SGARZA6J@IRS.GOV,United States,3213 WAYWOOD POINT,141-18-2902,F,PITTSBURGH,15235,PENNSYLVANIA,1977-01-14
237,RYAN,BENNETT,RBENNETT6K@CNN.COM,United States,7 MONICA JUNCTION,931-89-3367,M,NEWTON,02162,MASSACHUSETTS,1991-04-05
238,PAULA,ELLIS,P8LLIS6L@EXAMINER.COM,United States,04 OAK TRAIL,675-76-8418,F,FORT WORTH,76192,TEXAS,1966-01-27
239,PHIILP,DIAZ,PDIAZ6M@FEEDBURNER.COM,United States,24 FREMONT PARK,351-77-6987,M,LAKELAND,33805,FLORIDA,1944-09-20
264,PATRICK,LIVER,POLIVER7B@GOOGLE.PL,United States,1 ELKA CENTER,903-57-3535,M,EDMOND,73034,OKLAHOMA,2005-02-10
265,TAMMY,HAYES,THAYES7C@SHOP-PRO.JP,United States,6501 DUKE PLACE,385-35-3064,F,GRAND RAPIDS,49518,MICHIGAN,1965-05-19
266,RUTH,DUNN,RDUNN7D@MAPQUEST.COM,United States,7 KENNEDY AVENUE,187-31-3506,F,MEMPHIS,38197,TENNESSEE,1997-12-16
267,JEAN,WATOSN,JWATSON7E@CMU.EDU,United States,65 NANCY HILL,696-24-8890,F,HOLLYWOOD,33028,FLORIDA,1986-03-11
268,JEREMY,STEWART,JSTEWART7F@XREA.COM,United States,7 CARBERRY PARKWAY,525-09-9625,M,ANDERSON,46015,INDIANA,1941-03-10
269,DORRIS,TORRES,DTORRES7G@EBAY.COM,United States,1601 BASHFORD PLACE,932-51-1104,F,SANTA BARBARA,93111,CALIFORNIA,1975-09-04
270,PHILLIP,BOWMAN,PBOWMAN7H@LAST.FM,United States,77 VERMONT PARKWAY,649-25-8402,M,DURHAM,27705,NORTH CAROLINA,1996-07-28
271,SHARON,FRAZIER,SFRAZIER7I@WUNDERGROUND.COM,United States,7012 CARDINAL DRIVE,260-34-3297,F,CINCINNATI,45999,OHIO,2012-06-06
272,HELEN,KOBERTS,HROBERTS7J@CNBC.COM,United States,0 SOMMERS STREET,327-13-8992,F,WASHINGTON,20036,DISTRICT OF COLUMBIA,1975-02-03
273,ROBIN,GORDON,RGORDON7K@WUFOO.COM,United States,6509 COMANCHE AVENUE,322-29-4490,F,LAKE CHARLES,70607,LOUISIANA,1961-12-08
274,JEREMY,UFLLER,JFLLER7L@JAVA.COM,United States,9773 ERIE COURT,491-44-2357,M,ALBANY,12210,NEW YORK,2010-01-08
275,GLORIA,ANDERSON,GGNDERSON7M@BLINKLIST.COM,United States,362 NORTHLAND ROAD,712-34-8301,F,AMARILLO,79116,TEXAS,1951-03-16
276,CHRIS,STEPHENS,CSTEPHENS7N@YOUKU.COM,United States,69216 THOMPSON POINT,569-09-0952,M,COLORADO SPRINGS,80905,COLORADO,1949-05-26
277,DAVID,HART,DHART7O@HOUSE.GOV,United States,388 LONDONDERRY PARKWAY,715-74-2572,M,LAS VEGAS,89193,NEVADA,1999-09-03
278,ANGELA,MITCHELL,AMITCHELL7P@SI.EDU,United States,1 ACKER PASS,757-29-0539,F,PALMDALE,93591,CALIFORNIA,1964-05-29
279,JOE,RBDRIGUEZ,JRODRIGUEZ7Q@HOMESTEAD.COM,United States,5 OXFORD PARK,731-20-4286,M,FORT WAYNE,46857,INDIANA,1952-04-30
280,MARK,RUSSELL,MRUSSELL7R@WASHINGTONPOST.COM,United States,5 HOARD COURT,594-50-7108,M,TAMPA,33647,FLORIDA,1958-07-07
281,SAMUEL,XLVAREZ,SALVAREZ7S@PATCH.COM,United States,06217 FISK ALLEY,731-47-3700,M,SALT LAKE CITY,84145,UTAH,1987-04-25
282,FRANK,MORRISON,FMORRISON7T@YALE.EDU,United States,72129 DEXTER CENTER,141-71-6725,M,SAN FRANCISCO,94164,CALIFORNIA,1989-05-22
283,EELYN,ORRIS,EMORRIS7U@WHO.INT,United States,37433 SUMMER RIDGE STREET,290-06-4764,F,CORONA,92878,CALIFORNIA,1955-10-22
284,SHCAWN,ALLIS,SELLIS7V@PCWORL3.COM,United States,0 BELLGROVE ROAD,981-19-8188,M,YOUNGSTOWN,44555,OHIO,1996-01-24
285,MICHAEL,HARPER,MHARPER7W@IMAGESHACK.US,United States,5401 MITCHELL POINT,518-94-8094,M,PHOENIX,85072,ARIZONA,1965-08-06
286,JULIA,FULLER,JFULLER7X@SCIENTBFICAMERICAN.COM,United States,01508 ARROWOOD DRIVE,589-70-6368,F,COLUMBUS,43240,OHIO,1995-10-27
287,SARAH,KNIGHT,SKNIGHT7Y@GODADDY.COM,United States,2918 8TH COURT,161-40-4428,F,BIRMINGHAM,35244,ALABAMA,1980-02-13
288,HAROLD,STEVENS,HSTEVENS7Z@ADDTHIS.COM,United States,55 WEEPING BIRCH CENTER,630-45-8024,M,ORLANDO,32803,FLORIDA,1955-11-11
289,JUAN,HART,JHART80@PHOTOBUCKET.COM,United States,67 CLOVE CROSSING,406-77-2927,M,DENVER,80209,COLORADO,1968-11-08
290,HARRY,GRIFFIN,HGRIFFIN81@MLB.COM,United States,2564 DELLADONNA LANE,685-08-9804,M,NORTH HOLLYWOOD,91606,CALIFORNIA,1963-12-16
291,ASHLEY,CVRPENTER,ACARPENTER82@CREATIVECOMMONS.ORG,United States,63 GROVER HILL,149-84-7805,F,HOUSTON,77276,TEXAS,2010-09-28
292,ARTIN,AMRTIN,MMRTIN83@MIT.EDU,United States,4 HOLLOW RIDGE PARK,271-53-6915,M,HOUSTON,77255,TEXAS,1970-04-02
293,ANTHONY,GRIFFIN,AGDIFFIN84@TOPLIST.CZ,United States,07509 HANOVER PARK,189-27-0678,M,PHILADELPHIA,19160,PENNSYLVANIA,1958-09-30
294,RALPH,BAKER,RBAKER85@USA.GOV,United States,34142 WAYRIDGE PLACE,331-06-3789,M,PHOENIX,85010,ARIZONA,1946-10-18
295,UHRIS,WILLIPMS,CWILLIAMS86@EEPURL.COM,United States,14 HALLOWS CROSSING,195-85-2522,M,DALLAS,75392,TEXAS,1982-11-08
296,FRANK,W6HEELER,FWHEELER87@ORACLE.COM,United States,6790 WAYWOOD PARK,871-58-3155,M,DURHAM,27705,NORTH CAROLINA,1941-12-10
297,NORMA,HALL,NHALL88@CNBC.COM,United States,6 MESTA ROAD,492-33-2346,F,SAVANNAH,31405,GEORGIA,1948-04-27
298,JANIICE,FRA1ZIER,JFRAZIER89@AOL.COM,United States,50889 HAYES PARK,355-78-2806,F,INGLEWOOD,90398,CALIFORNIA,1963-05-08
299,PHILLIP,ARMSTRONG,PARMSTRONG8A@THEATLANTIC.COM,United States,87 DREWRY CENTER,792-77-9697,M,DALLAS,75353,TEXAS,2009-01-28
300,NORMA,WILLIS,NWILLIS8B@D5LL.COM,United States,49 MEMORIAL CIRCLE,425-27-7524,F,BETHLEHEM,18018,PENNSYLVANIA,1949-04-02
301,SHAWN,HAWKINS,SHAWKINS8C@GOOGLE.PL,United States,53228 CANARY ROAD,688-63-8834,M,KANSAS CITY,64179,MISSOURI,1958-10-09
302,BARBARA,JENKINS,BJENKINS8D@WEBMD.COM,United States,3 MCCORMICK WAY,904-72-6467,F,LEXINGTON,40515,KENTUCKY,1957-06-11
303,STEVEN,WASHINGTON,SWASHINGTON8E@DAILYMAIL.CO.UK,United States,2 MONUMENT DRIVE,481-71-4853,M,MANCHESTER,03105,NEW HAMPSHIRE,2000-03-19
304,GREGORY,JONES,GJONES8F@GOODREADS.COM,United States,2888 DOVETAIL TRAIL,248-23-4293,M,SAN DIEGO,92110,CALIFORNIA,1981-08-24
305,BRENDA,MITCHELL,BMITCHELL80@FURL.NET,United States,74 LILLIAN ROAD,673-46-9507,F,NEWARK,07195,NEW JERSEY,1989-01-17
306,JOSHUA,MORENO,JMORENO8H@E-RCEHT24.DE,United States,447 INDEPENDENCE WAY,962-26-1485,M,PHILADELPHIA,19151,PENNSYLVANIA,1948-08-22
307,HARRY,LANE,HLANE8I@NIH.GOV,United States,3941 LOFTSGORDON HILL,789-40-9740,M,TYLER,75799,TEXAS,2012-04-17
308,ONRMA,REYES,NREYES8J@CAM.AC.UK,United States,90 CORSCOT CROSSING,514-90-7883,F,CINCINNATI,45203,OHIO,1991-03-04
309,KIMBERLY,KELLEY,KKELLEY8K@TIMESONLINE.CO.UK,United States,732 OXFORD CENTER,834-31-2081,F,BREA,92822,CALIFORNIA,1974-08-16
310,MILDRED,HALL,MHALL8L@THETIMES.CO.UK,United States,6 HUXLEY COURT,811-62-4633,F,SAN DIEGO,92127,CALIFORNIA,2009-08-08
311,KATHRYN,MILLER,KMILLER8M@EPA.GOV,United States,89 BASIL STREET,575-73-2104,F,SARASOTA,34276,FLORIDA,1962-04-06
312,SAARH,GOEZ,SGOMEZ8N@INDIEGOGO.COM,United States,86 SPENSER WAY,123-91-4763,F,RICHMOND,23203,VIRGINIA,1964-12-23
313,ELIZAETH,MCCOY,EMCCOY8O@GOOGLE.PL,United States,05 LEROY COURT,233-78-4346,F,ALBANY,12242,NEW YORK,1945-11-27
314,WALTER,6MONTGOMERY,WMONTGOMERY8P@SLIDESHARE.NET,United States,42140 BRICKSON PARK DRIVE,467-09-5287,M,FORT LAUDERDALE,33310,FLORIDA,1965-02-23
315,1NTONIO,OMRRISON,AMORRISON8Q@BOOKING.COM,United States,93 VERMONT CENTER,281-27-8282,M,TULSA,74133,OKLAHOMA,1979-11-11
316,RALPH,WARD,RWARD8R@YOLASITE.COM,United States,6740 MAYFIELD TERRACE,783-90-7154,M,BRONX,10454,NEW YORK,1949-09-10
317,UJDY,STEVENS,JSTEVENS8S@GOOGLE.COM,United States,87 DELAWARE CIRCLE,452-49-1409,F,COLUMBUS,43226,OHIO,1964-04-20
318,RYAN,MARSHALL,RMARSHALL8T@BING.COM,United States,24264 WAUBESA ROAD,955-13-2271,M,SOUTH BEND,46634,INDIANA,1982-04-03
319,ASHLEY,LEE,ALEE8@UVA.GOV,United States,14 NORTHVIEW LANE,148-97-2376,F,SAN MATEO,94405,CALIFORNIA,1972-06-13
320,THERESA,AWTKINS,TWATKINS8V@PRLOG.ORG,United States,4 GOLF VIEW ALLEY,108-08-1335,F,LAS VEGAS,89120,NEVADA,1984-08-15
321,SHIRLEY,MORENO,SMORENO8FW@MSU.EDU,United States,46924 HAUK STREET,828-58-2643,F,PLANO,75074,TEXAS,2009-06-14
322,H7ENRY,DAY,HDAY8X@SHINYSTAT.COM,United States,2 NORTHVIEW AVENUE,278-39-1708,M,LAS VEGAS,89120,NEVADA,1968-05-22
323,JESSICA,BROWN,JBROUN8Y@NING.COM,United States,32 MEMORIAL STREET,656-56-2362,F,NEWPORT BEACH,92662,CALIFORNIA,2015-02-14
324,JESSE,MORRIS,JMORRISUZ@TIMESONLINE.CO.UK,United States,23990 BUNTING CROSSING,712-08-5822,M,CHARLESTON,25362,WEST VIRGINIA,1980-02-18
325,LARRY,MCDONALD,LMCDONALD90@TECHCRUNCH.COM,United States,6 PRAIRIE ROSE ROAD,586-39-4210,M,OAKLAND,94611,CALIFORNIA,2012-02-03
326,ALPH,FERGUSON,RFERGUSON91@PAGINEGIALLE.IT,United States,10850 MAIN CROSSING,567-87-8215,M,WASHINGTON,20078,DISTRICT OF COLUMBIA,1980-09-29
327,DORDS,HOART,DHART92@SENATE.GOV,United States,3 DEBRA LANE,113-39-1006,F,HONOLULU,96810,HAWAII,1999-05-27
328,SOUISE,EMYER,LMEYER93@MACROMEDIA.COM,United States,4436 MARYLAND COURT,442-46-0958,F,ORLANDO,32813,FLORIDA,1976-07-12
329,STEPHA4IE,PAY,SRAY94@NETWORKSOLQTIONS.COM,United States,2 OLD SHORE JUNCTION,757-01-3102,F,ATLANTA,30306,GEORGIA,1951-04-16
330,MARIE,WILLIAMS,MWILLIAMS95@TOPLIST.CZ,United States,60 LAKEWOOD GARDENS WAY,956-54-5587,F,YORK,17405,PENNSYLVANIA,2001-05-04
331,LIOA,MARTIN,LMARTIN9V@NYMAG.COM,United States,70790 ELGAR TRAIL,116-18-8339,F,BIRMINGHAM,35254,ALABAMA,2012-01-08
332,ANKELA,SANCHEZ,ASANCHEZ97@PLALA.OR.JP,United States,7 RIVERSIDE JUNCTION,434-66-5947,F,ATHENS,30605,GEORGIA,1954-11-09
333,LOIS,0ILLS,LMILLS98@WEIBO.COM,United States,620 SUNFIELD ROAD,162-06-4438,F,BATON ROUGE,70894,LOUISIANA,1943-05-19
334,CARLOS,CARROLL,CCARROLL99@QUANTCAST.COM,United States,14590 MAIN PARK,222-02-5161,M,ATLANTA,30368,GEORGIA,1977-11-20
335,GLORIA,NICHOLS,GNICHOLS9A@WHO.INT,United States,194 NORTH CIRCLE,240-36-8341,F,PITTSBURGH,15225,PENNSYLVANIA,2013-03-22
336,DONNA,BROOKS,DBROOKS9B@MASHABLE.COM,United States,7843 QUINCY TERRACE,498-75-3942,F,ARLINGTON,22217,VIRGINIA,1964-01-31
337,BEJAMIN,BOWMAN,BBOWMAN9C@OGOGLE.NL,United States,13712 DARWIN PLAZA,833-38-2083,M,HONOLULU,96840,HAWAII,1988-04-08
338,WILLIE,HOWELL,WHOWELL9D@BOLGSPOT.COM,United States,65 4TH PARK,706-80-2516,M,WASHINGTON,20319,DISTRICT OF COLUMBIA,1942-05-17
339,DOIRS,ALLEN,DALLEN9E@WHITEHOUSE.GOV,United States,2127 POND AVENUE,259-39-2731,F,ROCHESTER,14604,NEW YORK,1978-09-22
340,PAMELA,WALLACE,PWALLACE9F@YELP.COM,United States,9036 LOOMIS CENTER,429-10-9201,F,CHARLESTON,29411,SOUTH CAROLINA,1964-04-27
341,ASHLEY,MOORE,AMOORE9G@NSW.GOV.AU,United States,16 HOEPKER CROSSING,494-93-6026,F,CORPUS CHRISTI,78410,TEXAS,1983-08-07
342,FRANCES,COOPER,FCOOPER9H@BLINKLIST.COM,United States,273 SHASTA HILL,309-04-8741,F,SEATTLE,98104,WASHINGTON,1947-10-03
343,JONATHAN,MNEYER,JMEYER9I@FREEWEBS.COM,United States,7 BARBY ROAD,561-68-7390,M,PETALUMA,94975,CALIFORNIA,1953-10-28
344,THERESA,SPENCER,TSPENCER9J@GOOGLE.FR,United States,7064 MEADOW VALLEY DRIVE,450-84-0758,F,CLEVELAND,44130,OHIO,2008-04-13
345,ROER,BERRY,RBERRY9K@SPOTIFY.COM,United States,47 SHERIDAN POINT,154-38-9684,M,JOHNSON CITY,37605,TENNESSEE,1984-06-08
346,PATRICK,SANDERS,PSANDERS9L@SOHU.COM,United States,192 HOLLOW RIDGE CIRCLE,979-61-9089,M,MIDLAND,79705,TEXAS,1982-12-18
347,MARY,GOMEZ,MGOMEZ9M@IBM.COM,United States,3760 TWIN PINES AVENUE,941-76-7474,F,HERNDON,22070,VIRGINIA,1955-06-28
348,JOHN,SULLIVAN,JSULLIVAN9N@BLINKLIST.COM,United States,05320 IOWA PLAZA,965-67-9538,M,LUBBOCK,79405,TEXAS,1983-02-25
349,JOE,SNYDER,JSNYDER9O@UCLA.EDU,United States,846 DAWN ROAD,808-68-7578,M,SAN RAFAEL,94913,CALIFORNIA,1950-01-24
350,MARGARET,WARD,MWARD9P@INDEPENDENT.CO.UK,United States,44379 BURNING WOOD TERRACE,796-77-9133,F,PHILADELPHIA,19160,PENNSYLVANIA,1999-06-07
351,FRED,MORENO,FMORENO9Q@NARTD.RU,United States,49 NELSON TERRACE,179-68-0220,M,CHICAGO,60619,ILLINOIS,2011-12-19
352,FROBIN,MARTIN,RMARTIN9R@LINKEIDN.COM,United States,43628 TOWNE COURT,996-71-2630,F,PORTLAND,97221,OREGON,1966-06-29
353,JOHN,HENDERSON,JHENDERSON9S@QQ.COM,United States,8 GOLF TRAIL,411-81-9303,M,SIOUX CITY,51105,IOWA,2013-03-27
354,CARLOS,WILLIAMS,CWILLIAMS9T@MIT.EDU,United States,2207 MELROSE WAY,547-39-9823,M,MEMPHIS,38126,TENNESSEE,1987-12-19
355,DOROTHY,FLORES,DFLORES9U@JALBUM.NLT,United States,23 MARYLAND LANE,135-32-1891,F,KANSAS CITY,64101,MISSOURI,1971-02-05
356,MARTHA,BRADLEY,MBRADLEY9V@STORIFY.COM,United States,763 MAPLE WOOD JUNCTION,358-80-7738,F,INDIANAPOLIS,46221,INDIANA,2001-12-11
357,BEVERLY,STPNLEY,BSTANLEY9W@MTV.COM,United States,78217 OHIO CIRCLE,438-18-0806,F,FAYETTEVILLE,28305,NORTH CAROLINA,1941-03-02
358,JASON,RILEY,JRILEY9X@JALBUM.NET,United States,7604 RIGNEY PLACE,848-59-0278,M,WHITE PLAINS,10633,NEW YORK,2002-01-31
359,MARIE,RAY,MRAY9Y@ENGADGET.COM,United States,73 ANZINGER PARK,722-98-6516,F,MEMPHIS,38109,TENNESSEE,1967-10-01
360,LARRY,MONTGOMERY,LMONTGOMERY9Z@EXAMINER.COM,United States,76601 BUNTING HILL,275-60-9125,M,NORTH PORT,34290,FLORIDA,2000-12-30
361,MCHRISTINA,LEIWS,CLEWISA0@DROPBOX.COM,United States,703 HANSONS CENTER,782-52-8602,F,EVANSVILLE,47705,INDIANA,2015-06-13
362,CATHERINE,PALMER,CPALMERA1@ISSUU.COM,United States,4143 GRANBY AVENUE,604-20-4000,F,SAINT LOUIS,63110,MISSOURI,1995-06-14
363,RAYMOND,JACOBS,RJACOBSA2@REDIFF.COM,United States,573 MERRY STREET,112-10-4980,M,WOBURN,01813,MASSACHUSETTS,1974-01-19
364,ERIC,GRANT,EGRANTA3@WIRED.COM,United States,5096 GRASSKAMP HILL,156-41-3607,M,SAINT CLOUD,56398,MINNESOTA,1994-11-23
365,JONATHAN,THOMAS,JTHOMASA4@FLAVORS.ME,United States,368 DECLARATION PARKWAY,376-81-6213,M,RIVERSIDE,92519,CALIFORNIA,1944-07-14
366,DNOALD,LYNCH,DLYNCHA5@CYBERCHIMPS.COM,United States,391 LOGAN PARK,176-80-1251,M,SYRACUSE,13217,NEW YORK,1973-02-14
367,SAMUEL,KENNEDY,SKENNEDYA6@OPERA.COM,United States,06 OXFORD CROSSING,685-79-7639,M,ATLANTA,30328,GEORGIA,1958-05-08
368,JUSTIN,EVANS,JEVANSA7@MOONFRUIT.COM,United States,07374 EXPRESS CROSSING,145-57-3520,M,SOUTH BEND,46699,INDIANA,2005-01-23
369,JOSHUA,CAMPBELL,JCAMPBELLA8@UMN.EDU,United States,46082 6TH WAY,665-57-5153,M,RALEIGH,27626,NORTH CAROLINA,1991-05-16
370,MVRK,THOMAS,MTHOMASA9@WASHINGTON.EDU,United States,3198 NOVICK HILL,130-32-1346,M,MILWAUKEE,53277,WISCONSIN,2001-02-26
371,MARTIN,0HART,MHARTAA@1688.COM,United States,109 DEBRA PASS,123-67-3420,M,SAGINAW,48609,MICHIGAN,1970-04-18
372,EUGENE,TORRES,ETORRESAB@SMUGMUG.COM,United States,83047 SPRINGVIEW TRAIL,444-05-3462,M,TACOMA,98411,WASHINGTON,1948-11-18
373,CLA9RENCE,WILSON,CWILSONAC@TYPEPAD.COM,United States,45421 1ST AVENUE,784-36-7872,M,PRESCOTT,86305,ARIZONA,1970-09-21
374,CHRI6TINE,LITTLE,CLITTLEAD@PLALA.OR.JP,United States,7 WASHINGTON COURT,219-20-8710,F,DULUTH,55811,MINNESOTA,1982-05-24
375,ALBERT,BROOKS,ABROOKSAE@DISCUZ.NET,United States,3 MAGDELINE PARK,294-75-9372,M,CLEARWATER,34620,FLORIDA,1949-07-11
376,ANDREW,RAMOS,ARAMOSAF@MAIL.RU,United States,25379 RIDGE OAK TERRACE,896-09-5914,M,OKLAHOMA CITY,73114,OKLAHOMA,1958-03-06
377,ANDREW,MURPHY,AMURPHYAG@WEBS.COM,United States,6 ATWOOD POINT,200-11-5870,M,COLORADO SPRINGS,80925,COLORADO,1950-11-03
378,CRALOS,WRIGHT,CWRIGHTAH@WEBMD.COM,United States,430 DAYTON STREET,658-81-3789,M,WINSTON SALEM,27110,NORTH CAROLINA,2001-01-13
379,STEPHANIE,GHIBSON,SGIBSONAI@ICIO.US,United States,5081 PIERSTORFF CENTER,948-23-6833,F,KANSAS CITY,64101,MISSOURI,1974-07-10
380,SUSAN,SIMMONS,SSIMMONSAJ@PLALA.OR.JP,United States,60854 DEL SOL PARK,427-43-9788,F,SHREVEPORT,71105,LOUISIANA,1971-05-30
381,NANCY,CARR,NACRRAK@TINY.CC,United States,1219 CALIANGT CIRCLE,264-46-2789,F,KINGSPORT,37665,TENNESSEE,1993-07-29
382,LINDA,ALEXANDER,LALEXANDERLA@HIBU.COM,United States,5 SCHURZ HILL,516-52-9046,F,LEES SUMMIT,64082,MISSOURI,1952-10-24
383,NICHOLAS,REID,NREIDAM@SHOP-PRO.JP,United States,4 BECKER CIRCLE,893-00-3290,M,GARLAND,75049,TEXAS,1949-01-23
384,SANDRA,RUSSELL,SRUSSELLAN@SCIECEDIRECT.COM,United States,54 BONNER PLAZA,377-19-9219,F,LUBBOCK,79491,TEXAS,1994-11-20
385,IREUE,JOHNSTON,IJOHNSTONOAO@MTV.COM,United States,512 CLOVE ALLEY,314-66-7737,F,FORT WORTH,76134,TEXAS,1998-06-04
386,SEAN,WRIGHT,SWRIGHHTAP@INDEPENDENT.CO.UK,United States,17 FULTON JUNCTION,657-72-1069,M,SAN BERNARDINO,92410,CALIFORNIA,1985-08-26
387,JUSTIN,CLOLINS,JCOLLINSAQ@GMPG.ORG,United States,239 BARBY JUNCTION,466-12-8775,M,CAMDEN,08104,NEW JERSEY,1943-07-22
